,nr,perimeter,wellwidth,X1,Y1,X2,Y2,X3,Y3,X4,Y4
0,3.0,126.48820686340332,31.62205171585083,535.0,1163.0,569.0,1161.0,570.0,1193.0,540.0,1193.0
1,4.0,132.20779418945312,33.05194854736328,946.0,1163.0,980.0,1160.0,979.0,1193.0,946.0,1195.0
2,5.0,124.4674015045166,31.11685037612915,996.0,1163.0,1029.0,1159.0,1030.0,1189.0,998.0,1192.0
3,6.0,126.12688827514648,31.53172206878662,521.0,1160.0,519.0,1191.0,487.0,1189.0,487.0,1160.0
4,7.0,125.23322868347168,31.30830717086792,1046.0,1161.0,1080.0,1158.0,1079.0,1189.0,1048.0,1190.0
5,8.0,127.51753997802734,31.879384994506836,471.0,1156.0,470.0,1189.0,440.0,1189.0,436.0,1160.0
6,9.0,126.23391151428223,31.558477878570557,387.0,1157.0,421.0,1156.0,421.0,1188.0,390.0,1186.0
7,11.0,125.20228576660156,31.30057144165039,1144.0,1155.0,1178.0,1157.0,1179.0,1184.0,1146.0,1186.0
8,12.0,124.2967643737793,31.074191093444824,339.0,1154.0,372.0,1153.0,373.0,1184.0,343.0,1184.0
9,18.0,136.35649490356445,34.08912372589111,842.0,1118.0,879.0,1114.0,879.0,1146.0,843.0,1149.0
10,19.0,138.29275512695312,34.57318878173828,793.0,1114.0,828.0,1115.0,825.0,1149.0,790.0,1148.0
11,20.0,137.04413223266602,34.261033058166504,739.0,1115.0,774.0,1114.0,775.0,1148.0,740.0,1148.0
12,21.0,137.16112899780273,34.290282249450684,687.0,1115.0,723.0,1114.0,723.0,1148.0,690.0,1149.0
13,22.0,135.10468292236328,33.77617073059082,635.0,1115.0,670.0,1114.0,671.0,1147.0,637.0,1148.0
14,23.0,133.2680549621582,33.31701374053955,947.0,1114.0,981.0,1113.0,982.0,1143.0,946.0,1147.0
15,24.0,134.20913696289062,33.552284240722656,618.0,1113.0,619.0,1148.0,587.0,1148.0,584.0,1115.0
16,25.0,135.4900245666504,33.8725061416626,895.0,1116.0,930.0,1113.0,931.0,1144.0,895.0,1149.0
17,26.0,133.37736892700195,33.34434223175049,568.0,1112.0,568.0,1147.0,537.0,1147.0,533.0,1115.0
18,28.0,129.31169891357422,32.327924728393555,998.0,1114.0,1031.0,1112.0,1032.0,1142.0,998.0,1146.0
19,29.0,131.10791015625,32.7769775390625,484.0,1112.0,517.0,1111.0,518.0,1145.0,486.0,1144.0
20,30.0,128.46217346191406,32.115543365478516,1048.0,1112.0,1080.0,1110.0,1083.0,1140.0,1049.0,1144.0
21,31.0,127.34464263916016,31.83616065979004,433.0,1112.0,467.0,1111.0,469.0,1142.0,437.0,1142.0
22,32.0,129.13909721374512,32.28477430343628,1097.0,1110.0,1131.0,1109.0,1133.0,1138.0,1097.0,1140.0
23,33.0,128.2911205291748,32.0727801322937,384.0,1110.0,418.0,1108.0,419.0,1141.0,387.0,1139.0
24,34.0,124.28778839111328,31.07194709777832,1147.0,1108.0,1180.0,1111.0,1182.0,1137.0,1148.0,1139.0
25,35.0,122.41397857666016,30.60349464416504,337.0,1106.0,367.0,1105.0,370.0,1137.0,341.0,1137.0
26,36.0,125.67877578735352,31.41969394683838,1194.0,1106.0,1231.0,1107.0,1230.0,1132.0,1198.0,1137.0
27,37.0,121.25199699401855,30.31299924850464,291.0,1103.0,322.0,1105.0,321.0,1136.0,292.0,1133.0
28,38.0,128.29693794250488,32.07423448562622,1240.0,1105.0,1281.0,1102.0,1277.0,1129.0,1246.0,1133.0
29,40.0,128.8471279144287,32.21178197860718,1285.0,1101.0,1330.0,1099.0,1322.0,1126.0,1297.0,1129.0
30,45.0,142.13958740234375,35.53489685058594,774.0,1064.0,775.0,1099.0,739.0,1101.0,738.0,1066.0
31,46.0,139.33064651489258,34.832661628723145,722.0,1064.0,723.0,1098.0,689.0,1101.0,686.0,1066.0
32,47.0,137.24766159057617,34.31191539764404,671.0,1065.0,668.0,1100.0,634.0,1098.0,636.0,1065.0
33,48.0,136.53664207458496,34.13416051864624,948.0,1064.0,980.0,1064.0,983.0,1095.0,946.0,1100.0
34,49.0,137.2986831665039,34.32467079162598,896.0,1065.0,930.0,1064.0,932.0,1096.0,896.0,1100.0
35,50.0,140.25493240356445,35.06373310089111,843.0,1066.0,878.0,1064.0,880.0,1098.0,844.0,1101.0
36,51.0,141.4621925354004,35.3655481338501,826.0,1063.0,828.0,1098.0,792.0,1101.0,790.0,1067.0
37,52.0,135.22077178955078,33.805192947387695,617.0,1063.0,618.0,1098.0,586.0,1099.0,583.0,1065.0
38,53.0,134.32635498046875,33.58158874511719,534.0,1063.0,567.0,1064.0,566.0,1099.0,532.0,1095.0
39,54.0,133.3661994934082,33.34154987335205,998.0,1065.0,1032.0,1063.0,1034.0,1094.0,999.0,1098.0
40,55.0,133.28659057617188,33.32164764404297,483.0,1062.0,516.0,1063.0,515.0,1098.0,482.0,1094.0
41,57.0,131.13683319091797,32.78420829772949,1051.0,1061.0,1083.0,1063.0,1082.0,1095.0,1049.0,1095.0
42,58.0,130.42315292358398,32.605788230895996,433.0,1061.0,466.0,1062.0,465.0,1096.0,432.0,1091.0
43,59.0,124.65314483642578,31.163286209106445,1099.0,1061.0,1132.0,1066.0,1134.0,1091.0,1101.0,1094.0
44,60.0,127.3886833190918,31.84717082977295,384.0,1060.0,417.0,1062.0,415.0,1094.0,383.0,1090.0
45,63.0,126.22241020202637,31.555602550506592,366.0,1057.0,367.0,1090.0,337.0,1090.0,334.0,1059.0
46,64.0,123.58502578735352,30.89625644683838,1198.0,1057.0,1232.0,1062.0,1233.0,1086.0,1200.0,1089.0
47,65.0,123.42698097229004,30.85674524307251,286.0,1056.0,316.0,1055.0,319.0,1088.0,290.0,1087.0
48,66.0,126.2277774810791,31.556944370269775,1248.0,1055.0,1283.0,1055.0,1281.0,1083.0,1249.0,1086.0
49,77.0,140.47920608520508,35.11980152130127,898.0,1013.0,932.0,1017.0,931.0,1049.0,894.0,1050.0
50,78.0,144.08330535888672,36.02082633972168,791.0,1014.0,826.0,1013.0,828.0,1049.0,791.0,1050.0
51,79.0,133.5415439605713,33.38538599014282,1001.0,1012.0,1032.0,1017.0,1033.0,1048.0,998.0,1048.0
52,80.0,142.30257415771484,35.57564353942871,950.0,1012.0,984.0,1014.0,983.0,1048.0,946.0,1049.0
53,81.0,145.23084259033203,36.30771064758301,845.0,1013.0,880.0,1015.0,878.0,1051.0,842.0,1051.0
54,82.0,143.29496002197266,35.823740005493164,773.0,1012.0,775.0,1049.0,740.0,1051.0,738.0,1015.0
55,83.0,145.28907012939453,36.32226753234863,721.0,1012.0,722.0,1049.0,685.0,1051.0,685.0,1016.0
56,84.0,142.1965789794922,35.54914474487305,669.0,1012.0,669.0,1049.0,635.0,1050.0,633.0,1015.0
57,85.0,138.40754318237305,34.60188579559326,583.0,1012.0,617.0,1014.0,615.0,1050.0,581.0,1046.0
58,86.0,137.5405158996582,34.38512897491455,532.0,1012.0,566.0,1014.0,564.0,1050.0,530.0,1045.0
59,87.0,136.20403671264648,34.05100917816162,1052.0,1011.0,1085.0,1013.0,1084.0,1046.0,1049.0,1046.0
60,88.0,135.2309226989746,33.80773067474365,482.0,1011.0,514.0,1013.0,513.0,1049.0,481.0,1046.0
61,89.0,135.10332489013672,33.77583122253418,1101.0,1011.0,1135.0,1010.0,1136.0,1043.0,1102.0,1045.0
62,90.0,132.51580047607422,33.128950119018555,432.0,1010.0,464.0,1012.0,463.0,1047.0,430.0,1042.0
63,91.0,132.18536758422852,33.04634189605713,382.0,1009.0,414.0,1010.0,413.0,1045.0,381.0,1042.0
64,92.0,133.25372695922852,33.31343173980713,1186.0,1008.0,1186.0,1040.0,1153.0,1043.0,1151.0,1010.0
65,93.0,129.25762557983398,32.314406394958496,363.0,1007.0,365.0,1042.0,335.0,1042.0,332.0,1009.0
66,94.0,137.93220901489258,34.483052253723145,1196.0,1007.0,1237.0,1008.0,1235.0,1038.0,1203.0,1041.0
67,95.0,126.5339183807373,31.633479595184326,314.0,1005.0,317.0,1039.0,287.0,1039.0,283.0,1008.0
68,96.0,130.15554809570312,32.53888702392578,1249.0,1006.0,1285.0,1005.0,1284.0,1035.0,1251.0,1037.0
69,97.0,124.45202445983887,31.113006114959717,1298.0,1005.0,1333.0,1003.0,1331.0,1031.0,1300.0,1035.0
70,98.0,125.32151412963867,31.330378532409668,238.0,1003.0,269.0,1004.0,268.0,1038.0,239.0,1034.0
71,99.0,120.58704948425293,30.146762371063232,192.0,1001.0,223.0,1003.0,221.0,1035.0,193.0,1030.0
72,100.0,123.11495399475098,30.778738498687744,1382.0,1000.0,1374.0,1029.0,1346.0,1030.0,1346.0,1001.0
73,102.0,124.94848442077637,31.237121105194092,1426.0,995.0,1419.0,1025.0,1390.0,1027.0,1391.0,997.0
74,108.0,144.16520309448242,36.041300773620605,738.0,963.0,773.0,963.0,775.0,999.0,740.0,1001.0
75,109.0,139.2190818786621,34.80477046966553,582.0,962.0,616.0,963.0,614.0,1000.0,581.0,997.0
76,110.0,140.1989974975586,35.04974937438965,1000.0,962.0,1033.0,961.0,1036.0,996.0,1000.0,998.0
77,111.0,143.28627014160156,35.82156753540039,951.0,961.0,983.0,963.0,984.0,999.0,947.0,999.0
78,112.0,145.17700958251953,36.29425239562988,898.0,961.0,932.0,963.0,932.0,999.0,895.0,999.0
79,113.0,144.3028221130371,36.07570552825928,846.0,961.0,880.0,964.0,878.0,1000.0,843.0,1000.0
80,114.0,144.27109909057617,36.06777477264404,668.0,961.0,668.0,1000.0,636.0,1000.0,632.0,963.0
81,115.0,137.36769485473633,34.34192371368408,531.0,961.0,564.0,963.0,563.0,999.0,529.0,995.0
82,116.0,132.58030319213867,33.14507579803467,1053.0,960.0,1084.0,964.0,1086.0,996.0,1050.0,993.0
83,117.0,146.31224822998047,36.57806205749512,792.0,960.0,826.0,964.0,827.0,999.0,790.0,1000.0
84,118.0,147.17522048950195,36.79380512237549,720.0,960.0,722.0,999.0,687.0,1000.0,685.0,962.0
85,119.0,136.20913696289062,34.052284240722656,480.0,960.0,513.0,963.0,513.0,997.0,479.0,995.0
86,120.0,135.07483291625977,33.76870822906494,1103.0,960.0,1136.0,960.0,1138.0,993.0,1103.0,994.0
87,121.0,136.3306770324707,34.082669258117676,429.0,959.0,462.0,961.0,461.0,997.0,428.0,993.0
88,122.0,132.21946716308594,33.054866790771484,380.0,958.0,411.0,960.0,411.0,995.0,379.0,992.0
89,123.0,138.11418914794922,34.528547286987305,1188.0,957.0,1188.0,991.0,1153.0,993.0,1153.0,959.0
90,124.0,137.22480010986328,34.30620002746582,1203.0,957.0,1239.0,956.0,1237.0,989.0,1204.0,992.0
91,125.0,133.33849334716797,33.33462333679199,361.0,956.0,364.0,991.0,332.0,992.0,329.0,958.0
92,126.0,132.41625785827637,33.10406446456909,1290.0,956.0,1285.0,987.0,1253.0,988.0,1253.0,956.0
93,127.0,129.43118476867676,32.35779619216919,282.0,955.0,312.0,956.0,313.0,992.0,282.0,987.0
94,128.0,124.46410369873047,31.116025924682617,263.0,953.0,266.0,988.0,238.0,987.0,234.0,955.0
95,129.0,138.81093215942383,34.70273303985596,1295.0,953.0,1336.0,953.0,1335.0,984.0,1302.0,986.0
96,130.0,120.6780834197998,30.16952085494995,216.0,951.0,220.0,985.0,192.0,984.0,188.0,954.0
97,131.0,128.41676139831543,32.10419034957886,1384.0,951.0,1379.0,982.0,1348.0,982.0,1349.0,951.0
98,133.0,126.12495994567871,31.531239986419678,1426.0,947.0,1424.0,976.0,1396.0,981.0,1390.0,949.0
99,138.0,141.35269927978516,35.33817481994629,1002.0,909.0,1035.0,911.0,1036.0,948.0,1000.0,944.0
100,139.0,146.29907608032227,36.574769020080566,845.0,909.0,877.0,911.0,880.0,948.0,842.0,948.0
101,140.0,149.17830657958984,37.29457664489746,686.0,909.0,721.0,912.0,721.0,949.0,684.0,949.0
102,141.0,146.24905014038086,36.562262535095215,633.0,909.0,669.0,912.0,667.0,949.0,632.0,947.0
103,142.0,143.46142959594727,35.865357398986816,581.0,909.0,615.0,911.0,615.0,949.0,579.0,944.0
104,143.0,138.44154739379883,34.61038684844971,530.0,909.0,563.0,912.0,562.0,948.0,528.0,944.0
105,144.0,137.48228454589844,34.37057113647461,1052.0,909.0,1085.0,911.0,1089.0,944.0,1055.0,946.0
106,145.0,144.1421356201172,36.0355339050293,950.0,908.0,982.0,910.0,984.0,948.0,949.0,947.0
107,147.0,140.9065933227539,35.22664833068848,740.0,908.0,776.0,927.0,774.0,949.0,737.0,949.0
108,148.0,137.3395538330078,34.33488845825195,479.0,908.0,512.0,911.0,511.0,946.0,477.0,943.0
109,149.0,137.4868927001953,34.37172317504883,428.0,908.0,460.0,910.0,460.0,947.0,426.0,942.0
110,150.0,156.47927856445312,39.11981964111328,786.0,908.0,825.0,911.0,828.0,948.0,790.0,950.0
111,151.0,132.35003662109375,33.08750915527344,378.0,907.0,409.0,909.0,408.0,945.0,377.0,941.0
112,152.0,136.39057159423828,34.09764289855957,1105.0,906.0,1135.0,909.0,1138.0,944.0,1103.0,942.0
113,153.0,132.09326553344727,33.023316383361816,329.0,906.0,360.0,907.0,360.0,942.0,328.0,940.0
114,154.0,138.08733749389648,34.52183437347412,1204.0,906.0,1239.0,905.0,1239.0,939.0,1205.0,941.0
115,155.0,138.26021194458008,34.56505298614502,1191.0,906.0,1189.0,941.0,1158.0,943.0,1155.0,907.0
116,156.0,133.3532428741455,33.33831071853638,1253.0,905.0,1289.0,904.0,1287.0,936.0,1256.0,939.0
117,157.0,131.25205612182617,32.81301403045654,310.0,904.0,312.0,940.0,282.0,940.0,279.0,906.0
118,158.0,124.53212928771973,31.13303232192993,261.0,903.0,264.0,938.0,236.0,938.0,232.0,906.0
119,159.0,136.8128204345703,34.20320510864258,1297.0,903.0,1337.0,903.0,1336.0,934.0,1304.0,936.0
120,160.0,120.81324577331543,30.203311443328857,214.0,901.0,217.0,936.0,191.0,936.0,186.0,905.0
121,161.0,128.77056503295898,32.192641258239746,1387.0,901.0,1380.0,933.0,1351.0,933.0,1351.0,902.0
122,163.0,122.59160614013672,30.64790153503418,1396.0,901.0,1430.0,898.0,1427.0,928.0,1399.0,931.0
123,169.0,143.46532821655273,35.866332054138184,581.0,857.0,616.0,859.0,613.0,897.0,579.0,893.0
124,170.0,136.266845703125,34.06671142578125,1053.0,857.0,1086.0,859.0,1089.0,892.0,1055.0,893.0
125,171.0,144.2577018737793,36.064425468444824,1002.0,856.0,1035.0,859.0,1037.0,895.0,1000.0,894.0
126,172.0,136.92503356933594,34.231258392333984,950.0,856.0,983.0,863.0,985.0,895.0,950.0,892.0
127,173.0,162.40731048583984,40.60182762145996,898.0,856.0,932.0,858.0,929.0,908.0,893.0,896.0
128,174.0,149.12189865112305,37.28047466278076,845.0,856.0,879.0,858.0,880.0,896.0,843.0,896.0
129,175.0,145.235107421875,36.30877685546875,792.0,857.0,824.0,859.0,827.0,896.0,790.0,896.0
130,176.0,151.25383758544922,37.813459396362305,739.0,856.0,774.0,859.0,774.0,897.0,736.0,896.0
131,177.0,148.1966667175293,37.049166679382324,686.0,856.0,721.0,859.0,721.0,897.0,685.0,895.0
132,178.0,148.2472915649414,37.06182289123535,633.0,856.0,669.0,859.0,667.0,897.0,632.0,895.0
133,179.0,145.43913650512695,36.35978412628174,528.0,856.0,563.0,858.0,562.0,897.0,527.0,892.0
134,180.0,143.16360092163086,35.790900230407715,477.0,856.0,511.0,857.0,510.0,896.0,477.0,893.0
135,181.0,139.28412628173828,34.82103157043457,426.0,856.0,459.0,857.0,458.0,895.0,425.0,891.0
136,182.0,133.41833114624023,33.35458278656006,376.0,855.0,408.0,858.0,407.0,893.0,375.0,889.0
137,183.0,129.04639053344727,32.261597633361816,1256.0,855.0,1289.0,854.0,1289.0,886.0,1257.0,887.0
138,184.0,136.05880737304688,34.01470184326172,1206.0,855.0,1240.0,854.0,1241.0,888.0,1207.0,889.0
139,185.0,140.1431541442871,35.03578853607178,1138.0,854.0,1140.0,891.0,1106.0,892.0,1105.0,856.0
140,186.0,134.27985763549805,33.56996440887451,327.0,854.0,358.0,855.0,358.0,892.0,326.0,888.0
141,187.0,139.12933731079102,34.782334327697754,1191.0,853.0,1191.0,889.0,1158.0,890.0,1156.0,855.0
142,188.0,130.3606719970703,32.59016799926758,279.0,853.0,309.0,855.0,308.0,891.0,278.0,887.0
143,189.0,131.13769149780273,32.784422874450684,1304.0,853.0,1338.0,852.0,1338.0,884.0,1306.0,886.0
144,190.0,127.37073707580566,31.842684268951416,260.0,852.0,262.0,888.0,235.0,889.0,231.0,854.0
145,192.0,130.15393447875977,32.53848361968994,1351.0,851.0,1386.0,852.0,1385.0,882.0,1353.0,884.0
146,193.0,124.8133773803711,31.203344345092773,212.0,850.0,215.0,887.0,188.0,887.0,184.0,855.0
147,194.0,126.19147109985352,31.54786777496338,1432.0,848.0,1430.0,880.0,1400.0,882.0,1400.0,850.0
148,195.0,121.82010459899902,30.455026149749756,167.0,849.0,170.0,884.0,144.0,885.0,139.0,853.0
149,201.0,144.4036636352539,36.10091590881348,950.0,804.0,983.0,808.0,985.0,844.0,948.0,842.0
150,202.0,145.34730529785156,36.33682632446289,580.0,804.0,615.0,806.0,614.0,844.0,578.0,840.0
151,203.0,141.28339004516602,35.320847511291504,477.0,804.0,510.0,805.0,509.0,844.0,476.0,840.0
152,204.0,137.6016960144043,34.400424003601074,1053.0,804.0,1085.0,805.0,1090.0,840.0,1057.0,841.0
153,205.0,147.18012619018555,36.79503154754639,897.0,803.0,930.0,805.0,932.0,844.0,896.0,842.0
154,206.0,147.63188552856445,36.90797138214111,845.0,803.0,876.0,807.0,880.0,845.0,842.0,843.0
155,207.0,146.2459831237793,36.561495780944824,794.0,803.0,826.0,805.0,827.0,844.0,791.0,842.0
156,208.0,147.4281997680664,36.8570499420166,740.0,803.0,772.0,806.0,774.0,845.0,737.0,842.0
157,209.0,147.58371353149414,36.895928382873535,686.0,803.0,718.0,806.0,721.0,845.0,683.0,841.0
158,210.0,148.3849105834961,37.09622764587402,634.0,803.0,668.0,806.0,667.0,845.0,631.0,842.0
159,211.0,144.42709732055664,36.10677433013916,528.0,803.0,562.0,806.0,561.0,844.0,526.0,840.0
160,212.0,142.31796264648438,35.579490661621094,426.0,803.0,459.0,804.0,458.0,843.0,424.0,839.0
161,213.0,139.2219467163086,34.80548667907715,375.0,803.0,408.0,804.0,406.0,842.0,374.0,839.0
162,214.0,141.41814422607422,35.354536056518555,1033.0,803.0,1038.0,841.0,1002.0,840.0,1001.0,805.0
163,215.0,136.5229721069336,34.1307430267334,326.0,802.0,357.0,804.0,356.0,842.0,324.0,837.0
164,216.0,132.35810470581055,33.08952617645264,278.0,802.0,308.0,803.0,306.0,841.0,277.0,837.0
165,217.0,131.10652542114258,32.776631355285645,1306.0,802.0,1340.0,801.0,1339.0,834.0,1308.0,835.0
166,218.0,137.21990203857422,34.304975509643555,1190.0,801.0,1191.0,837.0,1158.0,838.0,1156.0,804.0
167,219.0,141.21726608276367,35.30431652069092,1139.0,801.0,1141.0,839.0,1107.0,840.0,1106.0,804.0
168,220.0,129.19872665405273,32.299681663513184,259.0,801.0,261.0,837.0,232.0,838.0,230.0,803.0
169,221.0,127.30395126342773,31.825987815856934,1389.0,802.0,1385.0,833.0,1354.0,832.0,1355.0,801.0
170,222.0,135.2533073425293,33.813326835632324,1291.0,800.0,1291.0,835.0,1259.0,837.0,1257.0,803.0
171,223.0,138.17538452148438,34.543846130371094,1241.0,800.0,1242.0,836.0,1208.0,837.0,1207.0,803.0
172,224.0,125.41818428039551,31.354546070098877,211.0,800.0,213.0,836.0,185.0,837.0,183.0,804.0
173,225.0,124.75770378112793,31.189425945281982,166.0,798.0,168.0,835.0,142.0,836.0,138.0,803.0
174,226.0,131.34449005126953,32.83612251281738,1436.0,797.0,1433.0,830.0,1402.0,832.0,1401.0,800.0
175,228.0,122.59297561645508,30.64824390411377,121.0,796.0,123.0,834.0,99.0,834.0,95.0,800.0
176,230.0,175.8803882598877,43.970097064971924,1591.0,791.0,1592.0,820.0,1531.0,825.0,1537.0,794.0
177,232.0,141.48126602172852,35.37031650543213,1053.0,751.0,1086.0,751.0,1091.0,787.0,1056.0,788.0
178,233.0,147.3055191040039,36.82637977600098,898.0,750.0,929.0,752.0,932.0,791.0,895.0,790.0
179,234.0,149.27876663208008,37.31969165802002,846.0,750.0,878.0,752.0,880.0,792.0,843.0,790.0
180,235.0,149.14015579223633,37.28503894805908,793.0,750.0,825.0,751.0,828.0,791.0,792.0,791.0
181,236.0,150.27519989013672,37.56879997253418,632.0,750.0,668.0,753.0,667.0,792.0,631.0,789.0
182,237.0,148.38748931884766,37.096872329711914,580.0,750.0,615.0,752.0,613.0,792.0,578.0,788.0
183,238.0,146.25359344482422,36.563398361206055,527.0,750.0,562.0,752.0,560.0,791.0,526.0,788.0
184,239.0,144.39852142333984,36.09963035583496,476.0,750.0,510.0,752.0,508.0,791.0,474.0,787.0
185,240.0,143.36186981201172,35.84046745300293,425.0,750.0,458.0,752.0,457.0,791.0,423.0,787.0
186,241.0,139.55746841430664,34.88936710357666,375.0,750.0,407.0,752.0,405.0,791.0,373.0,786.0
187,242.0,139.2252025604248,34.8063006401062,325.0,750.0,357.0,751.0,355.0,790.0,324.0,787.0
188,243.0,120.44619560241699,30.111548900604248,1307.0,750.0,1333.0,755.0,1340.0,782.0,1308.0,784.0
189,244.0,129.91691207885742,32.479228019714355,1158.0,749.0,1190.0,760.0,1191.0,787.0,1158.0,785.0
190,245.0,143.23885345458984,35.80971336364746,1035.0,749.0,1037.0,788.0,1003.0,788.0,1001.0,752.0
191,246.0,152.13138961791992,38.03284740447998,984.0,749.0,986.0,791.0,950.0,790.0,949.0,751.0
192,247.0,146.25074768066406,36.562686920166016,739.0,750.0,772.0,752.0,773.0,791.0,737.0,788.0
193,248.0,154.24004745483398,38.560011863708496,686.0,749.0,722.0,752.0,721.0,792.0,684.0,790.0
194,249.0,133.4191493988037,33.35478734970093,306.0,749.0,307.0,788.0,278.0,787.0,275.0,753.0
195,250.0,132.4938259124756,33.1234564781189,229.0,750.0,259.0,750.0,257.0,789.0,228.0,784.0
196,251.0,139.23906707763672,34.80976676940918,1240.0,748.0,1243.0,785.0,1209.0,785.0,1207.0,750.0
197,252.0,142.39850997924805,35.59962749481201,1138.0,748.0,1142.0,788.0,1109.0,787.0,1106.0,750.0
198,253.0,128.5347728729248,32.1336932182312,211.0,748.0,212.0,786.0,186.0,787.0,182.0,752.0
199,254.0,127.14250946044922,31.785627365112305,1434.0,747.0,1434.0,779.0,1403.0,781.0,1402.0,749.0
200,255.0,136.2592544555664,34.0648136138916,1390.0,747.0,1388.0,781.0,1355.0,783.0,1354.0,750.0
201,256.0,140.1429443359375,35.035736083984375,1291.0,747.0,1292.0,784.0,1259.0,785.0,1257.0,749.0
202,257.0,124.61174201965332,31.15293550491333,165.0,747.0,166.0,784.0,140.0,785.0,137.0,752.0
203,258.0,120.61248588562012,30.15312147140503,97.0,747.0,120.0,747.0,120.0,785.0,94.0,780.0
204,259.0,123.28151512145996,30.82037878036499,1479.0,745.0,1477.0,778.0,1449.0,780.0,1449.0,748.0
205,263.0,148.24518585205078,37.061296463012695,580.0,697.0,615.0,698.0,613.0,738.0,578.0,735.0
206,264.0,147.0987892150879,36.77469730377197,527.0,697.0,561.0,698.0,560.0,738.0,526.0,736.0
207,265.0,138.97182273864746,34.742955684661865,424.0,698.0,458.0,698.0,450.0,738.0,423.0,735.0
208,266.0,140.2083034515381,35.05207586288452,374.0,698.0,406.0,698.0,404.0,738.0,373.0,735.0
209,267.0,135.32691192626953,33.83172798156738,276.0,698.0,306.0,698.0,305.0,737.0,274.0,733.0
210,268.0,133.19805526733398,33.299513816833496,1355.0,697.0,1390.0,696.0,1388.0,729.0,1357.0,731.0
211,269.0,127.93747520446777,31.984368801116943,1259.0,696.0,1290.0,703.0,1291.0,733.0,1259.0,730.0
212,270.0,137.19238662719727,34.298096656799316,1209.0,696.0,1242.0,698.0,1240.0,734.0,1208.0,732.0
213,271.0,137.31475830078125,34.32868957519531,1108.0,696.0,1139.0,697.0,1139.0,735.0,1106.0,731.0
214,272.0,141.2342987060547,35.30857467651367,1087.0,696.0,1090.0,734.0,1056.0,734.0,1054.0,698.0
215,273.0,144.1421356201172,36.0355339050293,1003.0,696.0,1035.0,698.0,1037.0,736.0,1002.0,735.0
216,274.0,148.18587493896484,37.04646873474121,951.0,696.0,984.0,697.0,984.0,737.0,948.0,735.0
217,275.0,146.16889190673828,36.54222297668457,930.0,696.0,932.0,735.0,897.0,737.0,897.0,698.0
218,276.0,147.1018295288086,36.77545738220215,846.0,696.0,878.0,698.0,879.0,738.0,845.0,737.0
219,277.0,149.3574447631836,37.3393611907959,793.0,696.0,826.0,699.0,825.0,738.0,789.0,737.0
220,278.0,151.15305709838867,37.78826427459717,739.0,696.0,774.0,699.0,773.0,738.0,738.0,738.0
221,279.0,151.1507911682129,37.78769779205322,685.0,696.0,721.0,699.0,721.0,737.0,684.0,736.0
222,280.0,151.3102684020996,37.8275671005249,632.0,696.0,668.0,699.0,667.0,738.0,630.0,735.0
223,281.0,144.17688369750977,36.04422092437744,476.0,697.0,509.0,698.0,508.0,738.0,475.0,735.0
224,282.0,141.04159545898438,35.260398864746094,355.0,697.0,356.0,736.0,324.0,736.0,323.0,698.0
225,283.0,132.2253875732422,33.05634689331055,229.0,698.0,258.0,698.0,256.0,737.0,228.0,734.0
226,284.0,129.2474365234375,32.311859130859375,210.0,696.0,211.0,734.0,184.0,735.0,182.0,699.0
227,285.0,125.14635467529297,31.286588668823242,139.0,697.0,165.0,697.0,163.0,735.0,138.0,733.0
228,287.0,131.16690826416016,32.79172706604004,1403.0,695.0,1437.0,696.0,1434.0,729.0,1403.0,728.0
229,288.0,124.2476863861084,31.0619215965271,96.0,696.0,120.0,696.0,119.0,735.0,94.0,732.0
230,290.0,135.24479293823242,33.811198234558105,1310.0,694.0,1342.0,696.0,1339.0,731.0,1308.0,731.0
231,291.0,139.18467330932617,34.79616832733154,1189.0,695.0,1191.0,733.0,1159.0,734.0,1157.0,697.0
232,294.0,127.24937438964844,31.81234359741211,209.0,645.0,210.0,682.0,183.0,683.0,181.0,648.0
233,295.0,120.44156646728516,30.11039161682129,139.0,646.0,165.0,649.0,162.0,683.0,137.0,681.0
234,297.0,122.16474533081055,30.541186332702637,1406.0,644.0,1434.0,646.0,1433.0,678.0,1404.0,677.0
235,298.0,132.09435272216797,33.02358818054199,1259.0,644.0,1291.0,645.0,1290.0,680.0,1259.0,678.0
236,299.0,144.13965606689453,36.03491401672363,475.0,644.0,509.0,645.0,507.0,684.0,474.0,682.0
237,300.0,140.24983978271484,35.06245994567871,425.0,645.0,458.0,646.0,455.0,684.0,423.0,682.0
238,301.0,141.22022247314453,35.30505561828613,373.0,645.0,406.0,646.0,404.0,685.0,372.0,682.0
239,302.0,140.02877807617188,35.00719451904297,324.0,645.0,355.0,645.0,355.0,684.0,323.0,683.0
240,303.0,135.40718841552734,33.851797103881836,276.0,645.0,306.0,646.0,305.0,684.0,273.0,680.0
241,304.0,132.09592628479004,33.02398157119751,228.0,646.0,257.0,646.0,256.0,684.0,227.0,682.0
242,305.0,121.37948989868164,30.34487247467041,96.0,645.0,120.0,647.0,118.0,684.0,94.0,681.0
243,307.0,134.14922714233398,33.537306785583496,1357.0,643.0,1390.0,645.0,1388.0,679.0,1356.0,678.0
244,308.0,135.14077377319336,33.78519344329834,1158.0,643.0,1189.0,645.0,1190.0,681.0,1158.0,679.0
245,309.0,139.27754592895508,34.81938648223877,1107.0,643.0,1139.0,644.0,1140.0,682.0,1106.0,678.0
246,310.0,142.2505874633789,35.56264686584473,1056.0,643.0,1087.0,645.0,1089.0,682.0,1053.0,681.0
247,311.0,145.09821701049805,36.27455425262451,1003.0,643.0,1036.0,644.0,1037.0,683.0,1002.0,681.0
248,312.0,142.13988876342773,35.534972190856934,951.0,643.0,983.0,644.0,984.0,682.0,949.0,680.0
249,313.0,151.1750717163086,37.79376792907715,579.0,643.0,615.0,645.0,613.0,685.0,578.0,683.0
250,314.0,146.05503845214844,36.51375961303711,527.0,644.0,561.0,645.0,560.0,684.0,526.0,683.0
251,315.0,127.89549255371094,31.973873138427734,1310.0,642.0,1338.0,648.0,1340.0,680.0,1308.0,677.0
252,316.0,138.17166137695312,34.54291534423828,1241.0,643.0,1243.0,680.0,1210.0,680.0,1208.0,645.0
253,317.0,146.20033264160156,36.55008316040039,930.0,642.0,932.0,682.0,897.0,683.0,897.0,645.0
254,318.0,147.12221145629883,36.78055286407471,845.0,642.0,879.0,644.0,877.0,683.0,844.0,683.0
255,319.0,147.15434646606445,36.78858661651611,791.0,643.0,826.0,646.0,827.0,683.0,792.0,683.0
256,320.0,153.06094360351562,38.265235900878906,738.0,643.0,774.0,643.0,772.0,684.0,737.0,684.0
257,321.0,152.3241081237793,38.081027030944824,685.0,642.0,721.0,646.0,721.0,684.0,683.0,682.0
258,322.0,149.2311134338379,37.30777835845947,632.0,643.0,667.0,645.0,667.0,684.0,630.0,681.0
259,325.0,123.28904914855957,30.822262287139893,139.0,595.0,164.0,595.0,162.0,633.0,137.0,630.0
260,326.0,122.11458206176758,30.528645515441895,119.0,595.0,119.0,632.0,95.0,633.0,94.0,597.0
261,327.0,131.2670135498047,32.81675338745117,183.0,594.0,211.0,594.0,209.0,633.0,181.0,630.0
262,329.0,133.19287872314453,33.29821968078613,229.0,594.0,258.0,593.0,256.0,632.0,227.0,630.0
263,331.0,138.20864486694336,34.55216121673584,324.0,593.0,355.0,593.0,354.0,632.0,322.0,629.0
264,332.0,136.2131519317627,34.053287982940674,276.0,593.0,306.0,593.0,305.0,632.0,274.0,629.0
265,335.0,128.15771484375,32.0394287109375,1405.0,590.0,1434.0,592.0,1432.0,627.0,1404.0,626.0
266,336.0,132.0304069519043,33.007601737976074,1358.0,591.0,1388.0,591.0,1388.0,627.0,1357.0,626.0
267,337.0,132.0868740081787,33.02171850204468,1260.0,590.0,1288.0,591.0,1290.0,627.0,1259.0,627.0
268,338.0,148.15427017211914,37.038567543029785,527.0,590.0,562.0,591.0,559.0,631.0,526.0,630.0
269,339.0,144.42102432250977,36.10525608062744,425.0,591.0,458.0,592.0,456.0,632.0,422.0,628.0
270,340.0,143.33393096923828,35.83348274230957,405.0,591.0,407.0,629.0,373.0,632.0,372.0,594.0
271,341.0,141.7924289703369,35.44810724258423,1310.0,589.0,1338.0,590.0,1345.0,627.0,1307.0,627.0
272,342.0,136.17255783081055,34.04313945770264,1240.0,589.0,1242.0,627.0,1211.0,627.0,1209.0,591.0
273,343.0,140.17827224731445,35.04456806182861,1139.0,589.0,1140.0,627.0,1107.0,628.0,1106.0,592.0
274,344.0,141.24855041503906,35.312137603759766,1056.0,589.0,1088.0,591.0,1088.0,629.0,1054.0,626.0
275,345.0,151.20040130615234,37.800100326538086,685.0,589.0,722.0,592.0,720.0,630.0,684.0,629.0
276,346.0,150.3674430847168,37.5918607711792,633.0,589.0,668.0,590.0,665.0,631.0,630.0,628.0
277,347.0,150.05355834960938,37.513389587402344,613.0,590.0,614.0,630.0,579.0,631.0,578.0,591.0
278,348.0,144.13965606689453,36.03491401672363,507.0,591.0,509.0,630.0,475.0,631.0,474.0,593.0
279,349.0,141.1639404296875,35.290985107421875,1191.0,588.0,1192.0,626.0,1158.0,627.0,1158.0,591.0
280,350.0,146.13745880126953,36.53436470031738,1036.0,588.0,1038.0,627.0,1003.0,628.0,1002.0,590.0
281,351.0,144.19750213623047,36.04937553405762,984.0,588.0,984.0,627.0,951.0,628.0,949.0,591.0
282,352.0,147.18178939819336,36.79544734954834,898.0,588.0,932.0,590.0,930.0,630.0,897.0,628.0
283,353.0,151.17009735107422,37.792524337768555,845.0,588.0,880.0,589.0,878.0,630.0,843.0,628.0
284,354.0,150.23130798339844,37.55782699584961,793.0,588.0,827.0,590.0,825.0,629.0,790.0,630.0
285,355.0,151.36336135864258,37.840840339660645,739.0,587.0,775.0,591.0,772.0,630.0,738.0,629.0
286,356.0,120.57573127746582,30.143932819366455,119.0,543.0,121.0,578.0,96.0,582.0,95.0,546.0
287,359.0,123.50243377685547,30.875608444213867,140.0,543.0,166.0,546.0,163.0,581.0,137.0,579.0
288,361.0,130.38593292236328,32.59648323059082,183.0,543.0,212.0,543.0,210.0,581.0,181.0,577.0
289,362.0,133.25931930541992,33.31482982635498,229.0,542.0,259.0,542.0,257.0,580.0,227.0,577.0
290,363.0,128.94097137451172,32.23524284362793,277.0,541.0,307.0,548.0,305.0,579.0,275.0,578.0
291,364.0,123.73851585388184,30.93462896347046,1453.0,538.0,1478.0,543.0,1477.0,575.0,1449.0,576.0
292,365.0,126.10570907592773,31.526427268981934,1405.0,538.0,1432.0,540.0,1432.0,575.0,1404.0,574.0
293,366.0,131.84959411621094,32.962398529052734,354.0,538.0,355.0,570.0,325.0,579.0,322.0,543.0
294,367.0,130.12368774414062,32.530921936035156,1357.0,537.0,1387.0,539.0,1385.0,574.0,1357.0,574.0
295,368.0,142.36710739135742,35.591776847839355,476.0,538.0,510.0,540.0,507.0,578.0,474.0,575.0
296,369.0,142.2564926147461,35.56412315368652,425.0,538.0,458.0,539.0,456.0,578.0,423.0,575.0
297,370.0,142.2564926147461,35.56412315368652,405.0,538.0,407.0,577.0,374.0,578.0,372.0,541.0
298,371.0,130.14566040039062,32.536415100097656,1261.0,537.0,1288.0,538.0,1290.0,574.0,1259.0,573.0
299,372.0,133.32446670532227,33.331116676330566,1211.0,537.0,1241.0,538.0,1241.0,575.0,1209.0,571.0
300,373.0,143.07569885253906,35.768924713134766,1107.0,536.0,1140.0,538.0,1140.0,576.0,1107.0,575.0
301,374.0,142.14598083496094,35.536495208740234,1055.0,537.0,1088.0,537.0,1088.0,576.0,1054.0,573.0
302,375.0,143.0956039428711,35.77390098571777,1003.0,536.0,1037.0,537.0,1035.0,575.0,1002.0,574.0
303,376.0,148.23927688598633,37.05981922149658,580.0,537.0,615.0,538.0,613.0,577.0,577.0,575.0
304,377.0,146.16133880615234,36.540334701538086,528.0,537.0,562.0,539.0,560.0,577.0,526.0,577.0
305,378.0,140.34988021850586,35.087470054626465,1190.0,535.0,1192.0,574.0,1159.0,574.0,1157.0,539.0
306,379.0,145.09944915771484,36.27486228942871,983.0,535.0,984.0,574.0,950.0,575.0,949.0,537.0
307,380.0,150.0267791748047,37.50669479370117,845.0,535.0,880.0,536.0,880.0,575.0,844.0,575.0
308,381.0,149.11772918701172,37.27943229675293,685.0,536.0,721.0,536.0,719.0,575.0,683.0,574.0
309,382.0,149.0953712463379,37.27384281158447,632.0,536.0,668.0,538.0,667.0,576.0,631.0,575.0
310,383.0,145.32618713378906,36.331546783447266,931.0,534.0,933.0,572.0,898.0,575.0,897.0,537.0
311,384.0,152.3101348876953,38.07753372192383,790.0,534.0,828.0,538.0,826.0,576.0,792.0,576.0
312,385.0,153.1663589477539,38.29158973693848,738.0,534.0,775.0,536.0,772.0,576.0,738.0,576.0
313,386.0,139.8851833343506,34.97129583358765,1306.0,532.0,1337.0,539.0,1339.0,574.0,1308.0,574.0
314,388.0,121.40096282958984,30.35024070739746,120.0,493.0,121.0,532.0,98.0,532.0,96.0,497.0
315,390.0,123.7531967163086,30.93829917907715,141.0,493.0,166.0,493.0,164.0,531.0,137.0,526.0
316,392.0,128.1053352355957,32.026333808898926,211.0,490.0,212.0,527.0,184.0,528.0,184.0,492.0
317,394.0,120.25379371643066,30.063448429107666,1449.0,488.0,1474.0,491.0,1476.0,524.0,1450.0,524.0
318,395.0,131.31923866271973,32.82980966567993,258.0,488.0,259.0,526.0,230.0,527.0,229.0,492.0
319,396.0,133.22318077087402,33.305795192718506,278.0,489.0,307.0,488.0,306.0,526.0,275.0,524.0
320,397.0,126.37216758728027,31.59304189682007,1404.0,486.0,1432.0,490.0,1431.0,523.0,1402.0,522.0
321,398.0,126.1597900390625,31.539947509765625,1358.0,486.0,1386.0,487.0,1385.0,522.0,1356.0,520.0
322,399.0,144.14043426513672,36.03510856628418,374.0,487.0,407.0,486.0,406.0,526.0,372.0,524.0
323,400.0,136.5229721069336,34.1307430267334,355.0,486.0,356.0,524.0,325.0,526.0,323.0,491.0
324,401.0,136.14758682250977,34.03689670562744,1308.0,484.0,1339.0,485.0,1338.0,522.0,1306.0,520.0
325,402.0,142.22557830810547,35.55639457702637,425.0,486.0,459.0,488.0,457.0,525.0,423.0,523.0
326,403.0,134.15165519714355,33.53791379928589,1210.0,483.0,1240.0,484.0,1238.0,522.0,1209.0,520.0
327,404.0,142.05661010742188,35.51415252685547,1158.0,483.0,1191.0,484.0,1190.0,522.0,1157.0,521.0
328,405.0,148.05419921875,37.0135498046875,527.0,484.0,562.0,485.0,561.0,524.0,526.0,523.0
329,406.0,142.31796264648438,35.579490661621094,508.0,485.0,510.0,521.0,476.0,525.0,475.0,486.0
330,407.0,142.11278915405273,35.528197288513184,1139.0,482.0,1139.0,521.0,1107.0,521.0,1105.0,484.0
331,408.0,150.15807723999023,37.53951930999756,580.0,483.0,616.0,485.0,614.0,523.0,578.0,523.0
332,409.0,143.2894515991211,35.82236289978027,1086.0,481.0,1088.0,520.0,1056.0,522.0,1053.0,483.0
333,410.0,143.12560653686523,35.78140163421631,1035.0,482.0,1036.0,521.0,1003.0,521.0,1001.0,484.0
334,411.0,146.16913986206055,36.54228496551514,949.0,481.0,984.0,484.0,983.0,522.0,950.0,521.0
335,412.0,146.08774948120117,36.52193737030029,898.0,481.0,931.0,483.0,931.0,522.0,897.0,521.0
336,413.0,151.21794891357422,37.804487228393555,687.0,481.0,722.0,483.0,720.0,522.0,684.0,522.0
337,414.0,149.2220344543457,37.305508613586426,634.0,482.0,669.0,484.0,667.0,522.0,631.0,522.0
338,415.0,147.19995498657227,36.799988746643066,877.0,481.0,880.0,520.0,845.0,522.0,844.0,482.0
339,416.0,152.17975616455078,38.044939041137695,792.0,480.0,828.0,482.0,825.0,522.0,791.0,522.0
340,417.0,154.15994262695312,38.53998565673828,738.0,480.0,775.0,483.0,774.0,522.0,737.0,521.0
341,418.0,143.32343864440918,35.830859661102295,1256.0,476.0,1289.0,485.0,1287.0,521.0,1258.0,520.0
342,421.0,123.17935752868652,30.79483938217163,123.0,443.0,123.0,481.0,98.0,481.0,98.0,446.0
343,423.0,125.4196720123291,31.354918003082275,142.0,443.0,169.0,443.0,166.0,480.0,139.0,477.0
344,425.0,126.2389030456543,31.559725761413574,212.0,439.0,214.0,475.0,185.0,476.0,185.0,442.0
345,426.0,122.48964881896973,30.62241220474243,1448.0,437.0,1472.0,440.0,1473.0,475.0,1445.0,472.0
346,427.0,130.17999458312988,32.54499864578247,232.0,439.0,261.0,439.0,259.0,476.0,230.0,474.0
347,428.0,135.12327575683594,33.780818939208984,279.0,437.0,309.0,437.0,307.0,475.0,277.0,474.0
348,429.0,137.12273788452148,34.28068447113037,327.0,436.0,358.0,436.0,356.0,474.0,325.0,473.0
349,430.0,120.69825553894043,30.174563884735107,1356.0,433.0,1376.0,435.0,1381.0,469.0,1352.0,470.0
350,431.0,127.32560348510742,31.831400871276855,1308.0,432.0,1336.0,434.0,1333.0,470.0,1306.0,468.0
351,432.0,141.31748962402344,35.32937240600586,407.0,432.0,407.0,471.0,375.0,473.0,374.0,436.0
352,433.0,132.45302391052246,33.113255977630615,1258.0,431.0,1290.0,433.0,1286.0,469.0,1257.0,466.0
353,434.0,143.31908798217773,35.829771995544434,426.0,433.0,459.0,432.0,456.0,473.0,424.0,470.0
354,435.0,133.10142707824707,33.27535676956177,1210.0,430.0,1239.0,431.0,1238.0,468.0,1208.0,467.0
355,436.0,144.1024932861328,36.0256233215332,477.0,432.0,510.0,432.0,508.0,471.0,475.0,471.0
356,437.0,140.08968353271484,35.02242088317871,1158.0,430.0,1190.0,431.0,1190.0,469.0,1157.0,467.0
357,438.0,146.1319694519043,36.532992362976074,528.0,431.0,562.0,430.0,560.0,470.0,526.0,469.0
358,439.0,143.1001434326172,35.7750358581543,1106.0,429.0,1140.0,430.0,1139.0,468.0,1105.0,466.0
359,440.0,140.08968353271484,35.02242088317871,1086.0,429.0,1086.0,467.0,1054.0,468.0,1053.0,431.0
360,441.0,142.4195213317871,35.60488033294678,1001.0,428.0,1036.0,431.0,1032.0,468.0,1000.0,466.0
361,442.0,144.08806991577148,36.02201747894287,897.0,428.0,931.0,429.0,930.0,468.0,897.0,466.0
362,443.0,146.35215759277344,36.58803939819336,844.0,428.0,881.0,431.0,877.0,468.0,844.0,467.0
363,444.0,148.12803268432617,37.03200817108154,634.0,429.0,668.0,429.0,667.0,468.0,631.0,468.0
364,445.0,146.24323272705078,36.560808181762695,581.0,430.0,616.0,432.0,614.0,469.0,578.0,468.0
365,446.0,144.24903869628906,36.062259674072266,950.0,428.0,985.0,430.0,982.0,468.0,949.0,466.0
366,447.0,149.0917739868164,37.2729434967041,791.0,427.0,826.0,428.0,824.0,468.0,792.0,469.0
367,448.0,147.47756576538086,36.869391441345215,741.0,428.0,775.0,429.0,771.0,469.0,737.0,467.0
368,449.0,149.40049743652344,37.35012435913086,721.0,428.0,721.0,466.0,686.0,470.0,684.0,431.0
369,450.0,154.0784912109375,38.519622802734375,1388.0,425.0,1431.0,439.0,1431.0,471.0,1401.0,470.0
370,451.0,121.17935752868652,30.29483938217163,125.0,394.0,125.0,431.0,100.0,431.0,100.0,397.0
371,453.0,122.47757339477539,30.619393348693848,169.0,391.0,169.0,427.0,142.0,428.0,142.0,396.0
372,455.0,122.68445777893066,30.671114444732666,190.0,390.0,216.0,391.0,213.0,426.0,185.0,423.0
373,456.0,129.43812942504883,32.35953235626221,235.0,388.0,263.0,388.0,261.0,425.0,231.0,422.0
374,459.0,131.47489738464355,32.86872434616089,308.0,384.0,310.0,420.0,279.0,423.0,279.0,388.0
375,460.0,120.5279541015625,30.131988525390625,1353.0,382.0,1383.0,384.0,1370.0,419.0,1352.0,417.0
376,461.0,133.14492797851562,33.286231994628906,358.0,384.0,358.0,420.0,328.0,422.0,327.0,386.0
377,462.0,126.1498908996582,31.53747272491455,1307.0,381.0,1335.0,382.0,1333.0,417.0,1305.0,416.0
378,463.0,139.23793029785156,34.80948257446289,377.0,383.0,409.0,383.0,407.0,421.0,374.0,419.0
379,464.0,132.08710479736328,33.02177619934082,1258.0,380.0,1288.0,380.0,1287.0,416.0,1256.0,415.0
380,465.0,141.46389389038086,35.365973472595215,458.0,379.0,459.0,418.0,426.0,420.0,425.0,384.0
381,466.0,134.2135410308838,33.55338525772095,1207.0,379.0,1239.0,379.0,1237.0,416.0,1206.0,413.0
382,467.0,141.21199417114258,35.302998542785645,478.0,380.0,510.0,379.0,509.0,418.0,475.0,416.0
383,468.0,136.20930099487305,34.05232524871826,1158.0,378.0,1189.0,379.0,1189.0,416.0,1156.0,413.0
384,469.0,144.08202743530273,36.020506858825684,529.0,379.0,562.0,378.0,562.0,416.0,527.0,417.0
385,470.0,139.2190818786621,34.80477046966553,1105.0,377.0,1139.0,378.0,1137.0,415.0,1104.0,412.0
386,471.0,146.08011627197266,36.520029067993164,581.0,378.0,615.0,377.0,614.0,416.0,579.0,416.0
387,472.0,141.04181671142578,35.260454177856445,1086.0,376.0,1087.0,414.0,1054.0,414.0,1053.0,377.0
388,473.0,144.1308364868164,36.0327091217041,1001.0,376.0,1036.0,376.0,1033.0,415.0,1001.0,414.0
389,474.0,147.24225997924805,36.81056499481201,741.0,375.0,775.0,376.0,772.0,415.0,738.0,415.0
390,475.0,147.11812591552734,36.779531478881836,633.0,377.0,668.0,376.0,666.0,415.0,631.0,415.0
391,476.0,144.40763092041016,36.10190773010254,950.0,374.0,984.0,377.0,980.0,415.0,948.0,414.0
392,477.0,145.2174072265625,36.304351806640625,898.0,375.0,933.0,375.0,929.0,414.0,897.0,414.0
393,478.0,146.5764274597168,36.6441068649292,844.0,374.0,881.0,378.0,877.0,415.0,843.0,412.0
394,479.0,147.36452865600586,36.841132164001465,791.0,374.0,828.0,377.0,824.0,414.0,790.0,413.0
395,480.0,148.5896987915039,37.14742469787598,721.0,374.0,721.0,412.0,686.0,417.0,685.0,378.0
396,483.0,121.27264404296875,30.318161010742188,128.0,345.0,127.0,382.0,101.0,381.0,103.0,348.0
397,485.0,121.49179649353027,30.37294912338257,172.0,342.0,171.0,379.0,145.0,378.0,145.0,347.0
398,489.0,129.29469108581543,32.32367277145386,234.0,338.0,265.0,338.0,262.0,374.0,233.0,371.0
399,491.0,131.28215408325195,32.82053852081299,311.0,334.0,311.0,371.0,281.0,372.0,281.0,338.0
400,492.0,120.62923049926758,30.157307624816895,1350.0,334.0,1380.0,334.0,1383.0,361.0,1352.0,366.0
401,493.0,135.20927238464355,33.80231809616089,360.0,332.0,360.0,369.0,329.0,371.0,329.0,335.0
402,494.0,124.28158950805664,31.07039737701416,1305.0,330.0,1334.0,332.0,1331.0,365.0,1303.0,364.0
403,495.0,134.88324737548828,33.72081184387207,408.0,329.0,411.0,361.0,377.0,370.0,376.0,335.0
404,496.0,125.28060913085938,31.320152282714844,1255.0,328.0,1286.0,330.0,1283.0,361.0,1255.0,363.0
405,497.0,138.1939468383789,34.54848670959473,429.0,330.0,461.0,330.0,459.0,367.0,426.0,366.0
406,498.0,129.44640922546387,32.36160230636597,1207.0,327.0,1238.0,328.0,1233.0,363.0,1205.0,362.0
407,499.0,141.5752182006836,35.3938045501709,510.0,326.0,512.0,364.0,478.0,367.0,477.0,331.0
408,500.0,133.30283737182617,33.32570934295654,1156.0,327.0,1189.0,327.0,1185.0,363.0,1155.0,361.0
409,501.0,135.59343719482422,33.898359298706055,530.0,328.0,567.0,337.0,562.0,364.0,528.0,364.0
410,502.0,139.0734748840332,34.7683687210083,1138.0,325.0,1138.0,361.0,1104.0,362.0,1104.0,327.0
411,503.0,143.2297821044922,35.80744552612305,1054.0,324.0,1088.0,324.0,1085.0,363.0,1052.0,361.0
412,504.0,142.14136123657227,35.535340309143066,1001.0,323.0,1035.0,324.0,1033.0,362.0,1000.0,360.0
413,505.0,146.16235733032227,36.540589332580566,687.0,324.0,722.0,324.0,720.0,361.0,685.0,363.0
414,506.0,146.08011627197266,36.520029067993164,634.0,325.0,668.0,324.0,667.0,363.0,632.0,363.0
415,507.0,146.28445434570312,36.57111358642578,948.0,323.0,984.0,323.0,982.0,363.0,948.0,359.0
416,508.0,146.0862045288086,36.52155113220215,896.0,323.0,931.0,323.0,930.0,363.0,897.0,361.0
417,509.0,149.28400802612305,37.32100200653076,791.0,322.0,828.0,323.0,824.0,361.0,791.0,363.0
418,510.0,146.38479614257812,36.59619903564453,740.0,323.0,775.0,323.0,770.0,362.0,738.0,363.0
419,511.0,148.34651565551758,37.086628913879395,843.0,321.0,880.0,324.0,876.0,362.0,843.0,361.0
420,515.0,120.32172966003418,30.080432415008545,175.0,293.0,174.0,327.0,147.0,329.0,149.0,296.0
421,518.0,123.64291191101074,30.910727977752686,266.0,287.0,265.0,322.0,237.0,323.0,236.0,293.0
422,519.0,124.68225288391113,31.170563220977783,313.0,285.0,314.0,316.0,283.0,321.0,283.0,289.0
423,520.0,126.44644927978516,31.61161231994629,1391.0,285.0,1422.0,289.0,1424.0,320.0,1393.0,318.0
424,521.0,121.27865982055664,30.31966495513916,1349.0,283.0,1379.0,285.0,1376.0,315.0,1347.0,315.0
425,522.0,130.56732940673828,32.64183235168457,362.0,282.0,361.0,317.0,331.0,320.0,330.0,287.0
426,523.0,122.35980606079102,30.589951515197754,1302.0,280.0,1332.0,283.0,1329.0,313.0,1300.0,313.0
427,524.0,132.47696113586426,33.119240283966064,410.0,279.0,411.0,315.0,379.0,317.0,379.0,284.0
428,525.0,120.58945083618164,30.14736270904541,1254.0,279.0,1284.0,280.0,1278.0,312.0,1253.0,312.0
429,526.0,136.27066040039062,34.067665100097656,460.0,278.0,462.0,314.0,429.0,316.0,428.0,281.0
430,527.0,129.10626220703125,32.27656555175781,1205.0,277.0,1236.0,278.0,1234.0,312.0,1204.0,311.0
431,528.0,138.7418327331543,34.685458183288574,511.0,275.0,513.0,312.0,479.0,315.0,478.0,281.0
432,529.0,136.72473907470703,34.18118476867676,563.0,274.0,567.0,304.0,530.0,313.0,529.0,279.0
433,530.0,138.2573356628418,34.56433391571045,1103.0,274.0,1139.0,275.0,1135.0,310.0,1103.0,309.0
434,532.0,142.39208984375,35.5980224609375,1152.0,272.0,1188.0,276.0,1186.0,312.0,1154.0,310.0
435,533.0,140.30619430541992,35.07654857635498,1052.0,272.0,1087.0,273.0,1083.0,310.0,1051.0,308.0
436,534.0,144.0818748474121,36.02046871185303,687.0,273.0,721.0,272.0,720.0,310.0,685.0,310.0
437,535.0,145.54660415649414,36.386651039123535,667.0,271.0,669.0,309.0,633.0,312.0,632.0,276.0
438,536.0,146.2459602355957,36.561490058898926,947.0,270.0,984.0,272.0,981.0,310.0,948.0,308.0
439,537.0,148.23627471923828,37.05906867980957,896.0,270.0,933.0,271.0,929.0,309.0,895.0,309.0
440,538.0,149.19462966918945,37.29865741729736,844.0,270.0,880.0,271.0,877.0,310.0,842.0,309.0
441,539.0,145.06575393676758,36.266438484191895,792.0,271.0,827.0,271.0,825.0,309.0,791.0,309.0
442,540.0,145.04095077514648,36.26023769378662,739.0,272.0,774.0,272.0,773.0,309.0,738.0,310.0
443,541.0,145.5502166748047,36.38755416870117,1034.0,267.0,1033.0,308.0,1002.0,310.0,999.0,272.0
444,549.0,120.3556079864502,30.08890199661255,268.0,239.0,268.0,272.0,240.0,274.0,240.0,243.0
445,551.0,125.49689674377441,31.374224185943604,316.0,236.0,317.0,269.0,286.0,271.0,285.0,241.0
446,553.0,127.46508598327637,31.866271495819092,364.0,233.0,364.0,267.0,333.0,269.0,333.0,238.0
447,555.0,130.46834182739258,32.617085456848145,413.0,230.0,413.0,265.0,382.0,267.0,381.0,235.0
448,556.0,122.2951889038086,30.57379722595215,1252.0,230.0,1282.0,231.0,1280.0,262.0,1249.0,260.0
449,557.0,134.28063201904297,33.57015800476074,463.0,228.0,463.0,263.0,431.0,266.0,431.0,231.0
450,558.0,122.29991722106934,30.574979305267334,1234.0,228.0,1232.0,258.0,1203.0,261.0,1202.0,230.0
451,559.0,135.1310157775879,33.78275394439697,482.0,228.0,515.0,228.0,513.0,262.0,480.0,263.0
452,560.0,137.18543243408203,34.29635810852051,533.0,226.0,566.0,226.0,564.0,261.0,530.0,261.0
453,561.0,134.05970001220703,33.51492500305176,1153.0,226.0,1186.0,227.0,1185.0,261.0,1152.0,260.0
454,562.0,136.43517684936523,34.10879421234131,616.0,224.0,617.0,258.0,583.0,261.0,581.0,228.0
455,563.0,134.3045425415039,33.57613563537598,1100.0,223.0,1134.0,223.0,1134.0,255.0,1102.0,259.0
456,564.0,138.0865249633789,34.52163124084473,1050.0,222.0,1085.0,223.0,1083.0,258.0,1050.0,257.0
457,565.0,137.57894897460938,34.394737243652344,667.0,221.0,669.0,257.0,635.0,260.0,634.0,226.0
458,566.0,144.35787963867188,36.08946990966797,996.0,220.0,1034.0,222.0,1031.0,259.0,999.0,257.0
459,567.0,141.66367721557617,35.41591930389404,737.0,225.0,772.0,220.0,775.0,256.0,739.0,259.0
460,568.0,141.55804061889648,35.38951015472412,720.0,220.0,721.0,257.0,687.0,260.0,685.0,225.0
461,569.0,145.62160301208496,36.40540075302124,984.0,219.0,980.0,256.0,949.0,259.0,945.0,221.0
462,570.0,142.2543182373047,35.56357955932617,894.0,220.0,930.0,220.0,930.0,255.0,897.0,258.0
463,571.0,144.08413696289062,36.021034240722656,844.0,219.0,879.0,221.0,878.0,257.0,843.0,257.0
464,572.0,136.9540252685547,34.23850631713867,790.0,220.0,826.0,220.0,828.0,242.0,792.0,259.0
465,574.0,124.99430847167969,31.248577117919922,1466.0,200.0,1494.0,207.0,1497.0,235.0,1458.0,227.0
466,579.0,120.51020622253418,30.127551555633545,271.0,191.0,273.0,222.0,242.0,225.0,243.0,195.0
467,580.0,126.32118606567383,31.580296516418457,319.0,188.0,320.0,220.0,288.0,223.0,289.0,191.0
468,583.0,126.32118606567383,31.580296516418457,367.0,185.0,368.0,217.0,336.0,220.0,337.0,188.0
469,585.0,125.55657386779785,31.389143466949463,415.0,182.0,416.0,214.0,384.0,217.0,384.0,187.0
470,587.0,131.468017578125,32.86700439453125,465.0,179.0,466.0,213.0,433.0,215.0,432.0,184.0
471,588.0,135.3022232055664,33.8255558013916,516.0,178.0,516.0,212.0,482.0,214.0,481.0,182.0
472,589.0,127.23603820800781,31.809009552001953,1152.0,177.0,1183.0,179.0,1182.0,210.0,1149.0,209.0
473,590.0,136.32319259643555,34.08079814910889,534.0,177.0,568.0,177.0,565.0,212.0,531.0,210.0
474,591.0,137.57366561889648,34.39341640472412,616.0,173.0,619.0,209.0,584.0,211.0,583.0,178.0
475,592.0,134.29850387573242,33.574625968933105,997.0,173.0,1031.0,172.0,1032.0,205.0,1000.0,208.0
476,593.0,136.26665115356445,34.06666278839111,635.0,175.0,668.0,172.0,670.0,207.0,636.0,209.0
477,594.0,140.11418914794922,35.028547286987305,947.0,172.0,982.0,174.0,982.0,209.0,947.0,207.0
478,595.0,138.20307540893555,34.55076885223389,689.0,173.0,722.0,173.0,721.0,209.0,686.0,207.0
479,597.0,134.57370376586914,33.643425941467285,894.0,173.0,929.0,171.0,929.0,203.0,897.0,208.0
480,598.0,131.5336856842041,32.883421421051025,843.0,173.0,878.0,171.0,880.0,195.0,845.0,208.0
481,600.0,137.82805252075195,34.45701313018799,771.0,170.0,775.0,203.0,740.0,209.0,739.0,172.0
482,608.0,124.3543930053711,31.088598251342773,322.0,141.0,324.0,172.0,292.0,175.0,292.0,144.0
483,610.0,126.37998962402344,31.59499740600586,370.0,137.0,372.0,169.0,339.0,171.0,339.0,141.0
484,611.0,123.58469772338867,30.896174430847168,1244.0,138.0,1275.0,137.0,1280.0,167.0,1247.0,167.0
485,612.0,124.47869682312012,31.11967420578003,418.0,134.0,419.0,166.0,387.0,168.0,387.0,139.0
486,614.0,127.50669479370117,31.876673698425293,467.0,131.0,468.0,162.0,435.0,166.0,435.0,135.0
487,615.0,124.28927040100098,31.072317600250244,1147.0,131.0,1179.0,130.0,1181.0,159.0,1149.0,162.0
488,616.0,129.41812133789062,32.354530334472656,516.0,128.0,517.0,162.0,484.0,163.0,484.0,133.0
489,617.0,136.2630500793457,34.065762519836426,568.0,126.0,569.0,161.0,534.0,162.0,534.0,130.0
490,619.0,134.50192642211914,33.625481605529785,618.0,125.0,620.0,160.0,586.0,161.0,584.0,130.0
491,620.0,128.89241218566895,32.223103046417236,1046.0,127.0,1079.0,125.0,1082.0,154.0,1049.0,160.0
492,621.0,135.52733612060547,33.88183403015137,668.0,123.0,671.0,159.0,636.0,160.0,636.0,128.0
493,622.0,128.28090476989746,32.070226192474365,996.0,125.0,1030.0,125.0,1030.0,155.0,999.0,158.0
494,623.0,137.30673599243164,34.32668399810791,945.0,124.0,980.0,122.0,982.0,156.0,948.0,158.0
495,624.0,134.2688751220703,33.56721878051758,894.0,124.0,927.0,122.0,930.0,155.0,895.0,157.0
496,625.0,136.20192337036133,34.05048084259033,722.0,124.0,722.0,158.0,688.0,159.0,686.0,127.0
497,626.0,133.31385803222656,33.32846450805664,842.0,125.0,876.0,123.0,878.0,155.0,844.0,158.0
498,627.0,137.6829071044922,34.42072677612305,789.0,124.0,824.0,121.0,826.0,154.0,792.0,159.0
499,628.0,139.21014404296875,34.80253601074219,774.0,123.0,775.0,156.0,739.0,159.0,738.0,125.0
500,633.0,122.19861030578613,30.549652576446533,326.0,95.0,327.0,126.0,295.0,127.0,296.0,98.0
501,635.0,124.28824234008789,31.072060585021973,373.0,91.0,374.0,123.0,342.0,124.0,342.0,95.0
502,637.0,124.47842788696289,31.119606971740723,420.0,87.0,422.0,118.0,390.0,121.0,389.0,91.0
503,639.0,126.52849769592285,31.632124423980713,469.0,84.0,471.0,116.0,438.0,118.0,437.0,89.0
504,640.0,126.39992904663086,31.599982261657715,519.0,82.0,519.0,115.0,485.0,113.0,489.0,84.0
505,642.0,130.30365371704102,32.575913429260254,569.0,79.0,570.0,111.0,536.0,114.0,537.0,82.0
506,643.0,123.43504524230957,30.858761310577393,1094.0,80.0,1126.0,81.0,1127.0,109.0,1097.0,113.0
507,644.0,124.41672134399414,31.104180335998535,1044.0,78.0,1077.0,79.0,1077.0,107.0,1047.0,111.0
508,645.0,130.42315292358398,32.605788230895996,619.0,77.0,620.0,111.0,587.0,112.0,586.0,82.0
509,646.0,127.59963035583496,31.89990758895874,993.0,77.0,1029.0,79.0,1028.0,107.0,998.0,110.0
510,647.0,132.34040451049805,33.08510112762451,671.0,76.0,671.0,111.0,636.0,108.0,639.0,78.0
511,648.0,133.22517776489258,33.306294441223145,688.0,78.0,721.0,75.0,723.0,109.0,689.0,110.0
512,649.0,136.17291641235352,34.04322910308838,943.0,75.0,978.0,76.0,979.0,109.0,946.0,110.0
513,650.0,134.32635498046875,33.58158874511719,892.0,75.0,927.0,76.0,929.0,108.0,896.0,109.0
514,651.0,135.348295211792,33.837073802948,841.0,75.0,876.0,76.0,879.0,107.0,844.0,109.0
515,652.0,132.5448226928711,33.13620567321777,789.0,77.0,823.0,74.0,826.0,106.0,792.0,109.0
516,653.0,131.5639533996582,32.89098834991455,738.0,78.0,771.0,74.0,775.0,107.0,740.0,108.0
517,660.0,121.29329872131348,30.32332468032837,377.0,47.0,377.0,78.0,344.0,76.0,347.0,49.0
518,662.0,125.36017417907715,31.340043544769287,423.0,42.0,425.0,72.0,391.0,75.0,392.0,45.0
519,664.0,124.21575736999512,31.05393934249878,440.0,42.0,472.0,40.0,473.0,69.0,440.0,72.0
520,666.0,122.3862476348877,30.596561908721924,522.0,38.0,521.0,68.0,487.0,66.0,491.0,39.0
521,667.0,125.32151412963867,31.330378532409668,572.0,35.0,571.0,66.0,537.0,65.0,541.0,36.0
522,670.0,127.57183647155762,31.892959117889404,622.0,33.0,621.0,65.0,586.0,62.0,591.0,33.0
523,672.0,120.8328857421875,30.208221435546875,992.0,35.0,1024.0,31.0,1027.0,60.0,996.0,63.0
524,673.0,130.0960235595703,32.52400588989258,673.0,31.0,673.0,63.0,638.0,62.0,640.0,32.0
525,674.0,128.19210624694824,32.04802656173706,892.0,30.0,926.0,30.0,928.0,59.0,894.0,61.0
526,675.0,130.2818145751953,32.57045364379883,722.0,29.0,724.0,62.0,688.0,60.0,691.0,30.0
527,676.0,130.65385246276855,32.66346311569214,841.0,30.0,873.0,28.0,878.0,59.0,843.0,62.0
528,677.0,129.54944229125977,32.38736057281494,789.0,31.0,822.0,28.0,826.0,60.0,792.0,61.0
529,678.0,129.11211776733398,32.278029441833496,773.0,28.0,774.0,60.0,739.0,59.0,741.0,29.0
